delivery_date,route_id,stop_id,item_id,item_type
2099-01-09,R03,S017,SYN-209901-00001,registered
2099-01-04,R04,S028,SYN-209901-00002,registered
2099-01-14,R04,S030,SYN-209901-00003,registered
2099-01-12,R04,S031,SYN-209901-00004,registered
2099-01-03,R03,S019,SYN-209901-00005,registered
2099-01-03,R02,S009,SYN-209901-00006,registered
2099-01-10,R01,S004,SYN-209901-00007,parcel
2099-01-19,R03,S018,SYN-209901-00008,parcel
2099-01-10,R03,S020,SYN-209901-00009,registered
2099-01-07,R02,S011,SYN-209901-00010,registered
2099-01-16,R01,S008,SYN-209901-00011,registered
2099-01-07,R02,S013,SYN-209901-00012,registered
2099-01-04,R04,S025,SYN-209901-00013,parcel
2099-01-14,R04,S027,SYN-209901-00014,parcel
2099-01-12,R01,S006,SYN-209901-00015,registered
2099-01-07,R02,S016,SYN-209901-00016,registered
2099-01-14,R01,S006,SYN-209901-00017,registered
2099-01-16,R04,S028,SYN-209901-00018,registered
2099-01-17,R03,S022,SYN-209901-00019,parcel
2099-01-16,R03,S020,SYN-209901-00020,registered
2099-01-20,R02,S011,SYN-209901-00021,registered
2099-01-05,R04,S030,SYN-209901-00022,registered
2099-01-04,R04,S028,SYN-209901-00023,registered
2099-01-12,R03,S018,SYN-209901-00024,registered
2099-01-06,R01,S003,SYN-209901-00025,registered
2099-01-17,R02,S013,SYN-209901-00026,parcel
2099-01-07,R03,S017,SYN-209901-00027,registered
2099-01-14,R01,S002,SYN-209901-00028,parcel
2099-01-12,R02,S010,SYN-209901-00029,parcel
2099-01-14,R02,S015,SYN-209901-00030,parcel
2099-01-18,R04,S026,SYN-209901-00031,parcel
2099-01-14,R02,S013,SYN-209901-00032,registered
2099-01-10,R04,S030,SYN-209901-00033,registered
2099-01-15,R01,S001,SYN-209901-00034,registered
2099-01-14,R04,S030,SYN-209901-00035,registered
2099-01-17,R01,S004,SYN-209901-00036,parcel
2099-01-15,R04,S025,SYN-209901-00037,registered
2099-01-15,R02,S010,SYN-209901-00038,registered
2099-01-19,R04,S029,SYN-209901-00039,parcel
2099-01-07,R01,S005,SYN-209901-00040,registered
2099-01-08,R01,S006,SYN-209901-00041,registered
2099-01-18,R01,S005,SYN-209901-00042,registered
2099-01-05,R01,S002,SYN-209901-00043,registered
2099-01-09,R01,S008,SYN-209901-00044,parcel
2099-01-16,R03,S017,SYN-209901-00045,registered
2099-01-20,R02,S014,SYN-209901-00046,registered
2099-01-13,R02,S016,SYN-209901-00047,registered
2099-01-05,R02,S011,SYN-209901-00048,registered
2099-01-20,R04,S027,SYN-209901-00049,registered
2099-01-07,R03,S019,SYN-209901-00050,registered
2099-01-07,R01,S003,SYN-209901-00051,registered
2099-01-04,R01,S005,SYN-209901-00052,registered
2099-01-06,R02,S011,SYN-209901-00053,parcel
2099-01-07,R04,S029,SYN-209901-00054,registered
2099-01-07,R03,S024,SYN-209901-00055,registered
2099-01-18,R03,S024,SYN-209901-00056,registered
2099-01-15,R04,S026,SYN-209901-00057,parcel
2099-01-13,R03,S022,SYN-209901-00058,registered
2099-01-03,R04,S032,SYN-209901-00059,registered
2099-01-11,R01,S006,SYN-209901-00060,registered
2099-01-07,R04,S032,SYN-209901-00061,registered
2099-01-06,R01,S007,SYN-209901-00062,registered
2099-01-13,R04,S032,SYN-209901-00063,registered
2099-01-18,R02,S014,SYN-209901-00064,parcel
2099-01-18,R01,S007,SYN-209901-00065,registered
2099-01-17,R03,S022,SYN-209901-00066,registered
2099-01-20,R04,S027,SYN-209901-00067,registered
2099-01-19,R02,S015,SYN-209901-00068,parcel
2099-01-06,R04,S029,SYN-209901-00069,registered
2099-01-20,R02,S009,SYN-209901-00070,registered
2099-01-07,R02,S014,SYN-209901-00071,registered
2099-01-13,R04,S028,SYN-209901-00072,registered
2099-01-07,R01,S001,SYN-209901-00073,registered
2099-01-13,R02,S015,SYN-209901-00074,registered
2099-01-10,R03,S018,SYN-209901-00075,registered
2099-01-18,R04,S025,SYN-209901-00076,registered
2099-01-13,R03,S018,SYN-209901-00077,registered
2099-01-19,R03,S019,SYN-209901-00078,registered
2099-01-19,R04,S030,SYN-209901-00079,registered
2099-01-09,R01,S004,SYN-209901-00080,registered
2099-01-07,R01,S005,SYN-209901-00081,parcel
2099-01-12,R04,S028,SYN-209901-00082,parcel
2099-01-10,R04,S029,SYN-209901-00083,parcel
2099-01-17,R03,S020,SYN-209901-00084,registered
2099-01-16,R04,S030,SYN-209901-00085,parcel
2099-01-07,R04,S028,SYN-209901-00086,registered
2099-01-09,R04,S032,SYN-209901-00087,registered
2099-01-06,R04,S031,SYN-209901-00088,registered
2099-01-10,R02,S010,SYN-209901-00089,registered
2099-01-09,R01,S008,SYN-209901-00090,registered
2099-01-07,R04,S025,SYN-209901-00091,registered
2099-01-08,R04,S027,SYN-209901-00092,registered
2099-01-08,R03,S024,SYN-209901-00093,registered
2099-01-12,R03,S023,SYN-209901-00094,parcel
2099-01-03,R02,S015,SYN-209901-00095,registered
2099-01-13,R03,S021,SYN-209901-00096,registered
2099-01-10,R04,S030,SYN-209901-00097,registered
2099-01-14,R04,S029,SYN-209901-00098,registered
2099-01-11,R01,S008,SYN-209901-00099,parcel
2099-01-11,R03,S020,SYN-209901-00100,registered
2099-01-05,R03,S022,SYN-209901-00101,registered
2099-01-10,R02,S011,SYN-209901-00102,parcel
2099-01-06,R03,S020,SYN-209901-00103,registered
2099-01-08,R04,S027,SYN-209901-00104,registered
2099-01-20,R01,S004,SYN-209901-00105,registered
2099-01-06,R04,S026,SYN-209901-00106,registered
2099-01-11,R04,S027,SYN-209901-00107,registered
2099-01-15,R03,S024,SYN-209901-00108,registered
2099-01-19,R03,S024,SYN-209901-00109,parcel
2099-01-14,R02,S016,SYN-209901-00110,registered
2099-01-13,R04,S025,SYN-209901-00111,registered
2099-01-11,R02,S016,SYN-209901-00112,parcel
2099-01-18,R02,S013,SYN-209901-00113,registered
2099-01-10,R04,S026,SYN-209901-00114,registered
2099-01-15,R01,S002,SYN-209901-00115,registered
2099-01-07,R03,S020,SYN-209901-00116,registered
2099-01-10,R02,S014,SYN-209901-00117,registered
2099-01-15,R01,S007,SYN-209901-00118,registered
2099-01-04,R03,S022,SYN-209901-00119,registered
2099-01-09,R03,S021,SYN-209901-00120,registered
2099-01-11,R04,S027,SYN-209901-00121,parcel
2099-01-07,R04,S025,SYN-209901-00122,parcel
2099-01-14,R01,S007,SYN-209901-00123,parcel
2099-01-13,R01,S006,SYN-209901-00124,registered
2099-01-19,R04,S030,SYN-209901-00125,registered
2099-01-08,R04,S027,SYN-209901-00126,registered
2099-01-14,R04,S028,SYN-209901-00127,parcel
2099-01-11,R03,S018,SYN-209901-00128,registered
2099-01-10,R03,S022,SYN-209901-00129,registered
2099-01-09,R04,S030,SYN-209901-00130,registered
2099-01-19,R02,S012,SYN-209901-00131,registered
2099-01-18,R02,S010,SYN-209901-00132,registered
2099-01-08,R03,S019,SYN-209901-00133,registered
2099-01-13,R02,S014,SYN-209901-00134,parcel
2099-01-16,R01,S002,SYN-209901-00135,registered
2099-01-16,R03,S024,SYN-209901-00136,registered
2099-01-19,R04,S029,SYN-209901-00137,registered
2099-01-18,R03,S024,SYN-209901-00138,registered
2099-01-17,R02,S015,SYN-209901-00139,registered
2099-01-06,R01,S002,SYN-209901-00140,registered
2099-01-11,R02,S013,SYN-209901-00141,parcel
2099-01-18,R03,S020,SYN-209901-00142,parcel
2099-01-03,R02,S009,SYN-209901-00143,registered
2099-01-16,R03,S020,SYN-209901-00144,registered
2099-01-09,R03,S023,SYN-209901-00145,parcel
2099-01-11,R01,S005,SYN-209901-00146,parcel
2099-01-13,R02,S012,SYN-209901-00147,registered
2099-01-13,R04,S025,SYN-209901-00148,registered
2099-01-09,R03,S024,SYN-209901-00149,registered
2099-01-15,R03,S020,SYN-209901-00150,registered
2099-01-13,R04,S025,SYN-209901-00151,registered
2099-01-03,R03,S021,SYN-209901-00152,registered
2099-01-05,R02,S013,SYN-209901-00153,registered
2099-01-10,R03,S024,SYN-209901-00154,registered
2099-01-18,R03,S021,SYN-209901-00155,registered
2099-01-07,R04,S028,SYN-209901-00156,registered
2099-01-09,R01,S006,SYN-209901-00157,registered
2099-01-12,R02,S016,SYN-209901-00158,registered
2099-01-12,R01,S006,SYN-209901-00159,registered
2099-01-04,R03,S017,SYN-209901-00160,registered
2099-01-04,R02,S012,SYN-209901-00161,registered
2099-01-10,R03,S019,SYN-209901-00162,registered
2099-01-17,R01,S002,SYN-209901-00163,registered
2099-01-13,R04,S027,SYN-209901-00164,parcel
2099-01-09,R02,S010,SYN-209901-00165,registered
2099-01-03,R02,S010,SYN-209901-00166,registered
2099-01-16,R01,S006,SYN-209901-00167,registered
2099-01-11,R01,S003,SYN-209901-00168,registered
2099-01-15,R02,S016,SYN-209901-00169,registered
2099-01-15,R02,S010,SYN-209901-00170,registered
2099-01-12,R02,S014,SYN-209901-00171,registered
2099-01-05,R01,S004,SYN-209901-00172,registered
2099-01-03,R03,S022,SYN-209901-00173,registered
2099-01-11,R02,S013,SYN-209901-00174,parcel
2099-01-13,R02,S016,SYN-209901-00175,registered
2099-01-12,R02,S016,SYN-209901-00176,parcel
2099-01-11,R01,S006,SYN-209901-00177,registered
2099-01-09,R03,S023,SYN-209901-00178,parcel
2099-01-10,R01,S003,SYN-209901-00179,registered
2099-01-07,R03,S024,SYN-209901-00180,registered
2099-01-15,R01,S007,SYN-209901-00181,registered
2099-01-06,R02,S011,SYN-209901-00182,registered
2099-01-05,R03,S017,SYN-209901-00183,registered
2099-01-03,R04,S027,SYN-209901-00184,registered
2099-01-11,R02,S009,SYN-209901-00185,registered
2099-01-19,R03,S022,SYN-209901-00186,registered
2099-01-07,R01,S002,SYN-209901-00187,registered
2099-01-11,R03,S024,SYN-209901-00188,parcel
2099-01-10,R03,S019,SYN-209901-00189,registered
2099-01-12,R03,S018,SYN-209901-00190,registered
2099-01-06,R03,S023,SYN-209901-00191,registered
2099-01-14,R02,S016,SYN-209901-00192,registered
2099-01-13,R02,S009,SYN-209901-00193,registered
2099-01-11,R03,S022,SYN-209901-00194,registered
2099-01-19,R02,S010,SYN-209901-00195,registered
2099-01-08,R04,S031,SYN-209901-00196,registered
2099-01-03,R02,S014,SYN-209901-00197,registered
2099-01-18,R04,S027,SYN-209901-00198,registered
2099-01-17,R03,S019,SYN-209901-00199,registered
2099-01-13,R03,S020,SYN-209901-00200,parcel
2099-01-19,R03,S021,SYN-209901-00201,registered
2099-01-04,R02,S015,SYN-209901-00202,registered
2099-01-19,R04,S030,SYN-209901-00203,registered
2099-01-07,R03,S017,SYN-209901-00204,registered
2099-01-09,R04,S032,SYN-209901-00205,parcel
2099-01-04,R02,S009,SYN-209901-00206,registered
2099-01-08,R03,S024,SYN-209901-00207,registered
2099-01-13,R01,S004,SYN-209901-00208,registered
2099-01-04,R04,S031,SYN-209901-00209,registered
2099-01-07,R01,S008,SYN-209901-00210,registered
2099-01-19,R02,S009,SYN-209901-00211,parcel
2099-01-04,R01,S002,SYN-209901-00212,registered
2099-01-14,R02,S015,SYN-209901-00213,parcel
2099-01-13,R04,S030,SYN-209901-00214,registered
2099-01-07,R03,S018,SYN-209901-00215,registered
2099-01-14,R04,S026,SYN-209901-00216,registered
2099-01-03,R03,S018,SYN-209901-00217,registered
2099-01-13,R04,S031,SYN-209901-00218,registered
2099-01-03,R02,S012,SYN-209901-00219,registered
2099-01-11,R04,S028,SYN-209901-00220,registered
2099-01-06,R03,S023,SYN-209901-00221,registered
2099-01-03,R01,S001,SYN-209901-00222,registered
2099-01-14,R04,S026,SYN-209901-00223,registered
2099-01-18,R02,S013,SYN-209901-00224,parcel
2099-01-11,R02,S013,SYN-209901-00225,parcel
2099-01-12,R03,S023,SYN-209901-00226,registered
2099-01-14,R02,S012,SYN-209901-00227,registered
2099-01-12,R01,S004,SYN-209901-00228,registered
2099-01-20,R03,S021,SYN-209901-00229,registered
2099-01-15,R01,S001,SYN-209901-00230,parcel
2099-01-09,R04,S030,SYN-209901-00231,parcel
2099-01-14,R02,S014,SYN-209901-00232,registered
2099-01-08,R01,S005,SYN-209901-00233,registered
2099-01-04,R03,S017,SYN-209901-00234,registered
2099-01-16,R03,S020,SYN-209901-00235,registered
2099-01-04,R04,S025,SYN-209901-00236,registered
2099-01-10,R01,S004,SYN-209901-00237,registered
2099-01-05,R02,S013,SYN-209901-00238,registered
2099-01-04,R01,S007,SYN-209901-00239,registered
2099-01-03,R01,S006,SYN-209901-00240,registered
