stop_id,route_id,road_name,building_no,building_sub_no,stop_type,sample_x,sample_y
S001,R01,테스트길,150,1,apartment,1120,2097
S002,R01,가상산업로,157,0,business,1143,2113
S003,R01,데모중앙로,164,0,residential,1156,2143
S004,R01,샘플로,171,4,apartment,1179,2159
S005,R01,테스트길,178,0,business,1192,2189
S006,R01,가상산업로,185,0,residential,1215,2205
S007,R01,데모중앙로,192,7,apartment,1228,2235
S008,R01,샘플로,199,0,business,1251,2251
S009,R02,가상산업로,200,1,business,1240,2187
S010,R02,데모중앙로,207,0,residential,1263,2203
S011,R02,샘플로,214,0,apartment,1276,2233
S012,R02,테스트길,221,4,business,1299,2249
S013,R02,가상산업로,228,0,residential,1312,2279
S014,R02,데모중앙로,235,0,apartment,1335,2295
S015,R02,샘플로,242,7,business,1348,2325
S016,R02,테스트길,249,0,residential,1371,2341
S017,R03,데모중앙로,250,1,residential,1360,2277
S018,R03,샘플로,257,0,apartment,1383,2293
S019,R03,테스트길,264,0,business,1396,2323
S020,R03,가상산업로,271,4,residential,1419,2339
S021,R03,데모중앙로,278,0,apartment,1432,2369
S022,R03,샘플로,285,0,business,1455,2385
S023,R03,테스트길,292,7,residential,1468,2415
S024,R03,가상산업로,299,0,apartment,1491,2431
S025,R04,샘플로,300,1,apartment,1480,2367
S026,R04,테스트길,307,0,business,1503,2383
S027,R04,가상산업로,314,0,residential,1516,2413
S028,R04,데모중앙로,321,4,apartment,1539,2429
S029,R04,샘플로,328,0,business,1552,2459
S030,R04,테스트길,335,0,residential,1575,2475
S031,R04,가상산업로,342,7,apartment,1588,2505
S032,R04,데모중앙로,349,0,business,1611,2521
